{
    "index": {
        "title" : "Documentation",

        "sections": {
            "Usage": {
                "url": "/docs/usage",
                "svg": "computer",
                "description": "How to use spaCy and its features."
            },
            "API": {
                "url": "/docs/api",
                "svg": "brain",
                "description": "The detailed reference for spaCy's API."
            },
            "Tutorials": {
                "url": "/docs/usage/tutorials",
                "svg": "eye",
                "description": "End-to-end examples, with code you can modify and run."
            },
            "Showcase & Demos": {
                "url": "/docs/usage/showcase",
                "svg": "bubble",
                "description": "Demos, libraries and products from the spaCy community."
            }
        }
    }
}
